{
    "en": {
      "home": "Home",
      "map": "Map",
      "shop": "Shop",
      "account": "Account",
      "settings": "Settings",
      "aside_account_settings": "Account Settings",
      "aside_privacy": "Privacy Settings",
      "aside_notification": "Notification Settings",
      "account_settings": "Account Settings",
      "phone_number": "Phone Number",
      "address_email": "Email Address",
      "save": "Save",
      "personalization": "Personalization",
      "theme": "Theme",
      "bright": "Bright",
      "dark": "Dark",
      "language": "Language",
      "privacy": "Privacy",
      "notification": "Notification",
      "email_notification": "Email Notification",
      "SMS_notification": "SMS Notification"
    },
    "pl": {
      "home": "Strona główna",
      "map": "Mapa",
      "shop": "Sklep",
      "account": "Konto",
      "settings": "Ustawienia",
      "aside_account_settings": "Ustawienia konta",
      "aside_privacy": "Ustawienia prywatności",
      "aside_notification": "Ustawienia powiadomień",
      "account_settings": "Ustawienia konta",
      "phone_number": "Numer telefonu",
      "address_email": "Adres e-mail",
      "save": "Zapisz",
      "personalization": "Personalizacja",
      "theme": "Motyw",
      "bright": "Jasny",
      "dark": "Ciemny",
      "language": "Język",
      "privacy": "Prywatność",
      "notification": "Powiadomienia",
      "email_notification": "Powiadomienia e-mail",
      "SMS_notification": "Powiadomienia SMS"
    },
    "de": {
      "home": "Startseite",
      "map": "Karte",
      "shop": "Geschäft",
      "account": "Konto",
      "settings": "Einstellungen",
      "aside_account_settings": "Kontoeinstellungen",
      "aside_privacy": "Datenschutzeinstellungen",
      "aside_notification": "Benachrichtigungseinstellungen",
      "account_settings": "Kontoeinstellungen",
      "phone_number": "Telefonnummer",
      "address_email": "E-Mail-Adresse",
      "save": "Speichern",
      "personalization": "Personalisierung",
      "theme": "Thema",
      "bright": "Hell",
      "dark": "Dunkel",
      "language": "Sprache",
      "privacy": "Datenschutz",
      "notification": "Benachrichtigung",
      "email_notification": "E-Mail-Benachrichtigung",
      "SMS_notification": "SMS-Benachrichtigung"
    },
    "fr": {
      "home": "Accueil",
      "map": "Carte",
      "shop": "Boutique",
      "account": "Compte",
      "settings": "Paramètres",
      "aside_account_settings": "Paramètres du compte",
      "aside_privacy": "Paramètres de confidentialité",
      "aside_notification": "Paramètres de notification",
      "account_settings": "Paramètres du compte",
      "phone_number": "Numéro de téléphone",
      "address_email": "Adresse e-mail",
      "save": "Enregistrer",
      "personalization": "Personnalisation",
      "theme": "Thème",
      "bright": "Clair",
      "dark": "Sombre",
      "language": "Langue",
      "privacy": "Confidentialité",
      "notification": "Notification",
      "email_notification": "Notification par e-mail",
      "SMS_notification": "Notification par SMS"
    },
    "es": {
      "home": "Inicio",
      "map": "Mapa",
      "shop": "Tienda",
      "account": "Cuenta",
      "settings": "Configuración",
      "aside_account_settings": "Configuración de la cuenta",
      "aside_privacy": "Configuración de privacidad",
      "aside_notification": "Configuración de notificaciones",
      "account_settings": "Configuración de la cuenta",
      "phone_number": "Número de teléfono",
      "address_email": "Dirección de correo electrónico",
      "save": "Guardar",
      "personalization": "Personalización",
      "theme": "Tema",
      "bright": "Claro",
      "dark": "Oscuro",
      "language": "Idioma",
      "privacy": "Privacidad",
      "notification": "Notificación",
      "email_notification": "Notificación por correo electrónico",
      "SMS_notification": "Notificación por SMS"
    },
    "ja": {
      "home": "ホーム",
      "map": "マップ",
      "shop": "ショップ",
      "account": "アカウント",
      "settings": "設定",
      "aside_account_settings": "アカウント設定",
      "aside_privacy": "プライバシー設定",
      "aside_notification": "通知設定",
      "account_settings": "アカウント設定",
      "phone_number": "電話番号",
      "address_email": "メールアドレス",
      "save": "保存",
      "personalization": "パーソナライズ",
      "theme": "テーマ",
      "bright": "明るい",
      "dark": "暗い",
      "language": "言語",
      "privacy": "プライバシー",
      "notification": "通知",
      "email_notification": "メール通知",
      "SMS_notification": "SMS通知"
    }
  }
