{
    "2": {
        "username": "2",
        "password": "$2y$10$lkWWiq6XWYHGZQFcgppAXOTsFGTyXIiMK2t1kr9Ca.sL71vCTpR5K",
        "rank": 1,
        "czas_spedzony": 403,
        "zdjecie_profilowe": "zdjecia_profilowe\/2.jpg"
    },
    "1": {
        "username": "1",
        "password": "$2y$10$V9IWxUu9UbSPFYSYK9P7ne0m.JDF\/.QuHn\/N2\/YujhUUCzYGOhd66",
        "rank": 1,
        "czas_spedzony": 0
    },
    "Purple": {
        "username": "Purple",
        "password": "$2y$10$FPJawnhPki5d2ZRyLF.trexGkMbKtGRbl1oIMRFAfzjedPKKuKs0O",
        "rank": 1,
        "czas_spedzony": 126,
        "zdjecie_profilowe": "zdjecia_profilowe\/Purple.png"
    },
    "test": {
        "username": "test",
        "password": "$2y$10$h2JaBI1B9Ln6WkgUxSV4uehgdV6HV5qjIK0ITXpe3uPjaOJHn\/xIu",
        "rank": 0,
        "czas_spedzony": 0
    },
    "4": {
        "username": "4",
        "password": "$2y$10$gywRqbD3PdIk\/ab4XnGtne3tH64Mbag1nmjaNm29Wm5LOWjucUdZm",
        "rank": 0,
        "czas_spedzony": 0
    },
    "5": {
        "username": "5",
        "password": "$2y$10$1UPUeTSpvcyh4itNUTCaXO4AX8whG0rCoEP3VGmXdQaLtlJsrWoB.",
        "rank": 0,
        "czas_spedzony": 1
    },
    "Gniot": {
        "username": "Gniot",
        "password": "$2y$10$Wr8ivGQgEd8vgEoza\/P8QeRwiCW9bmDpYO95MkInPCUMZG39kVyCS",
        "rank": 1,
        "czas_spedzony": 43976,
        "zdjecie_profilowe": "zdjecia_profilowe\/Gniot.jpg"
    },
    "maciek": {
        "username": "3",
        "password": "$2y$10$cvya5VCvx5TfEEarXKs3k.S\/SUN6KFgAxgQGYynG.Xrtp5GrveoqK",
        "rank": 0,
        "czas_spedzony": 0,
        "zdjecie_profilowe": "zdjecia_profilowe\/3.png"
    },
    "Mr_Okruch": {
        "username": "cwel",
        "password": "$2y$10$8\/8On9Z\/5Lu6eYDDaiVHkudBB4od5x    fj3LkNVhsJbchaRhT1PTLtK",
        "rank": 1,
        "czas_spedzony": 9804,
        "zdjecie_profilowe": "zdjecia_profilowe\/cwel.png"
    },
    "nie": {
        "username": "nie",
        "password": "$2y$10$Ep3ZdOM.NIePMafs\/mFA4O6xX.GSh0R\/kbUHdMBEsKPytfhz5cLxi",
        "rank": 0,
        "czas_spedzony": 13
    },
    "cwel": {
        "username": "cwel",
        "password": "$2y$10$a01LmMIySxoi7R5b8mJoNu3ywckbVYT67KWgBqIa97xZ9vDwlvDvy",
        "rank": 0,
        "czas_spedzony": 1
    },
    "8": {
        "username": "8",
        "password": "$2y$10$RApiDkrl5VjmJ\/louI0..ORgXvIRLW6Ria0e3gof4iAqjOffTqP3a",
        "rank": 0,
        "czas_spedzony": 0
    }
}